letter	frequency
2015	261.403361345
2014	2534.57657658
2016	0